run,evaluations,avg_fitness,best_fitness
0,250,-61852000,21000000
0,375,-35414000,21000000
0,500,-10672000,21000000
0,625,3958000,31000000
0,750,5880000,31000000
0,875,7358000,36000000
0,1000,8910000,36000000
0,1125,10660000,36000000
0,1250,11896000,36000000
0,1375,13552000,36000000
0,1500,15028000,36000000
0,1625,16704000,42000000
0,1750,18100000,42000000
0,1875,19298000,42000000
0,2000,20710000,43500000
0,2125,22002000,43500000
0,2250,23042000,43500000
0,2375,24226000,51500000
0,2500,25316000,51500000
0,2625,26794000,51500000
0,2750,28046000,55500000
0,2875,29566000,57000000
0,3000,30608000,57000000
0,3125,31570000,57000000
0,3250,32974000,58500000
0,3375,34190000,58500000
0,3500,35710000,70500000
0,3625,37446000,70500000
0,3750,39078000,70500000
0,3875,40778000,70500000
0,4000,42692000,70500000
0,4125,44400000,70500000
0,4250,46120000,71500000
0,4375,48196000,71500000
0,4500,50542000,72000000
0,4625,52584000,72000000
0,4750,54250000,72000000
0,4875,56320000,72000000
0,5000,57984000,72000000
1,250,-57556000,18000000
1,375,-33976000,18000000
1,500,-10434000,20500000
1,625,3602000,24000000
1,750,5804000,35500000
1,875,8164000,35500000
1,1000,9806000,35500000
1,1125,11806000,45000000
1,1250,13978000,45000000
1,1375,15790000,53000000
1,1500,17476000,53000000
1,1625,19432000,53000000
1,1750,22206000,61500000
1,1875,24502000,61500000
1,2000,27082000,61500000
1,2125,28788000,61500000
1,2250,30422000,61500000
1,2375,32236000,61500000
1,2500,33852000,64000000
1,2625,35978000,64000000
1,2750,37576000,64000000
1,2875,39302000,64000000
1,3000,40950000,64000000
1,3125,42584000,64000000
1,3250,43940000,65500000
1,3375,45428000,65500000
1,3500,46764000,65500000
1,3625,48234000,66500000
1,3750,49384000,66500000
1,3875,51250000,82000000
1,4000,53474000,82000000
1,4125,56370000,82000000
1,4250,58022000,82000000
1,4375,59424000,82000000
1,4500,60752000,82000000
1,4625,62232000,84500000
1,4750,64040000,84500000
1,4875,65410000,84500000
1,5000,66690000,85000000
2,250,-60078000,15000000
2,375,-36146000,20000000
2,500,-5362000,21000000
2,625,4814000,31000000
2,750,6992000,31000000
2,875,8950000,32500000
2,1000,10618000,42000000
2,1125,11970000,42000000
2,1250,13492000,42000000
2,1375,15386000,44500000
2,1500,16472000,44500000
2,1625,18178000,60500000
2,1750,19886000,60500000
2,1875,21960000,60500000
2,2000,23698000,60500000
2,2125,25798000,60500000
2,2250,27904000,60500000
2,2375,29758000,67000000
2,2500,31260000,67000000
2,2625,32900000,67000000
2,2750,34652000,67000000
2,2875,36542000,67000000
2,3000,38708000,67000000
2,3125,40478000,67000000
2,3250,42696000,67000000
2,3375,44736000,71500000
2,3500,46928000,75000000
2,3625,48624000,75000000
2,3750,50318000,75000000
2,3875,51714000,90000000
2,4000,53016000,90000000
2,4125,54392000,90000000
2,4250,55698000,90000000
2,4375,57158000,90000000
2,4500,58610000,90000000
2,4625,60142000,90000000
2,4750,61446000,90000000
2,4875,62830000,90000000
2,5000,64460000,90000000
3,250,-57712000,21500000
3,375,-32398000,37500000
3,500,-3408000,37500000
3,625,5416000,37500000
3,750,7872000,58000000
3,875,9912000,58000000
3,1000,12238000,58000000
3,1125,14576000,58000000
3,1250,17042000,58000000
3,1375,19446000,70000000
3,1500,21820000,70000000
3,1625,24442000,70000000
3,1750,27492000,70000000
3,1875,30026000,70000000
3,2000,32194000,70000000
3,2125,34184000,70000000
3,2250,36340000,70000000
3,2375,39512000,74000000
3,2500,42684000,74000000
3,2625,44912000,74000000
3,2750,47050000,74000000
3,2875,49240000,75500000
3,3000,51916000,75500000
3,3125,54882000,76500000
3,3250,57280000,76500000
3,3375,59752000,76500000
3,3500,61624000,76500000
3,3625,62854000,78500000
3,3750,65218000,78500000
3,3875,67940000,78500000
3,4000,69868000,80000000
3,4125,70710000,84500000
3,4250,71570000,84500000
3,4375,72558000,91500000
3,4500,73470000,93000000
3,4625,74166000,93000000
3,4750,74894000,93000000
3,4875,75392000,93000000
3,5000,76088000,93000000
4,250,-57666000,20500000
4,375,-34292000,23500000
4,500,-6084000,23500000
4,625,4396000,32500000
4,750,6298000,32500000
4,875,7984000,32500000
4,1000,9326000,32500000
4,1125,11040000,32500000
4,1250,12582000,34000000
4,1375,14048000,34000000
4,1500,15350000,42000000
4,1625,16870000,42000000
4,1750,18598000,42000000
4,1875,19584000,52000000
4,2000,20638000,52000000
4,2125,22092000,52000000
4,2250,22908000,52000000
4,2375,23858000,52000000
4,2500,24726000,52000000
4,2625,25804000,52000000
4,2750,26826000,52000000
4,2875,28448000,59500000
4,3000,29640000,59500000
4,3125,31076000,59500000
4,3250,32586000,63500000
4,3375,34076000,73500000
4,3500,35282000,73500000
4,3625,36584000,73500000
4,3750,37390000,73500000
4,3875,39280000,73500000
4,4000,40548000,73500000
4,4125,42364000,73500000
4,4250,43786000,73500000
4,4375,44844000,73500000
4,4500,46584000,80500000
4,4625,48142000,80500000
4,4750,49368000,80500000
4,4875,50474000,80500000
4,5000,51990000,80500000
5,250,-52956000,16000000
5,375,-28674000,19500000
5,500,-786000,19500000
5,625,4852000,25000000
5,750,6486000,25000000
5,875,8308000,26000000
5,1000,10034000,33000000
5,1125,11548000,35000000
5,1250,12900000,50500000
5,1375,14276000,50500000
5,1500,15122000,50500000
5,1625,16134000,50500000
5,1750,17102000,50500000
5,1875,18518000,50500000
5,2000,20130000,50500000
5,2125,21270000,50500000
5,2250,22106000,56000000
5,2375,23164000,56000000
5,2500,24178000,56000000
5,2625,25114000,56000000
5,2750,26198000,56000000
5,2875,27010000,56000000
5,3000,27796000,56000000
5,3125,28618000,56000000
5,3250,29732000,56000000
5,3375,30878000,56000000
5,3500,31840000,56000000
5,3625,32654000,56000000
5,3750,33510000,56000000
5,3875,34560000,56000000
5,4000,35150000,57000000
5,4125,36076000,57000000
5,4250,37236000,57000000
5,4375,38098000,57000000
5,4500,38954000,66500000
5,4625,39810000,66500000
5,4750,40856000,75000000
5,4875,42302000,75000000
5,5000,43568000,75000000
6,250,-60864000,24000000
6,375,-36372000,24000000
6,500,-7652000,24000000
6,625,4484000,37500000
6,750,6144000,37500000
6,875,7994000,37500000
6,1000,9562000,37500000
6,1125,11210000,38500000
6,1250,12624000,38500000
6,1375,13670000,38500000
6,1500,14900000,38500000
6,1625,15616000,38500000
6,1750,16508000,38500000
6,1875,17590000,38500000
6,2000,19124000,42000000
6,2125,19816000,42000000
6,2250,21344000,42500000
6,2375,22808000,46000000
6,2500,23678000,46000000
6,2625,24860000,46000000
6,2750,26274000,53000000
6,2875,27232000,53000000
6,3000,28260000,53000000
6,3125,29216000,53000000
6,3250,30436000,53000000
6,3375,31776000,53000000
6,3500,33012000,66000000
6,3625,34334000,66000000
6,3750,35308000,66000000
6,3875,36434000,66000000
6,4000,37104000,66000000
6,4125,38136000,66000000
6,4250,39230000,66000000
6,4375,40176000,77000000
6,4500,40940000,77000000
6,4625,41834000,77000000
6,4750,42370000,77000000
6,4875,43282000,77000000
6,5000,44024000,77000000
7,250,-63018000,18500000
7,375,-37390000,18500000
7,500,-12402000,18500000
7,625,4086000,26000000
7,750,5428000,26000000
7,875,7474000,28500000
7,1000,9158000,55000000
7,1125,10596000,55000000
7,1250,12372000,55000000
7,1375,14368000,55000000
7,1500,15426000,55000000
7,1625,16344000,55000000
7,1750,17690000,55000000
7,1875,18992000,55000000
7,2000,20402000,55000000
7,2125,21456000,65000000
7,2250,23052000,65000000
7,2375,24220000,65000000
7,2500,25342000,65000000
7,2625,26752000,65000000
7,2750,28134000,65000000
7,2875,29774000,68000000
7,3000,31416000,68000000
7,3125,32414000,68000000
7,3250,33656000,68000000
7,3375,35384000,68000000
7,3500,36822000,68500000
7,3625,38316000,71000000
7,3750,40170000,71000000
7,3875,41568000,71000000
7,4000,43810000,71000000
7,4125,45932000,71000000
7,4250,47182000,71500000
7,4375,48488000,71500000
7,4500,50358000,72000000
7,4625,51568000,72000000
7,4750,52394000,72000000
7,4875,53126000,72000000
7,5000,53950000,72000000
8,250,-60670000,20500000
8,375,-35236000,20500000
8,500,-9942000,32500000
8,625,3494000,32500000
8,750,6326000,42000000
8,875,8508000,42000000
8,1000,10848000,42000000
8,1125,12656000,42000000
8,1250,14512000,42000000
8,1375,16460000,42000000
8,1500,18226000,44500000
8,1625,19778000,44500000
8,1750,21182000,44500000
8,1875,22738000,46500000
8,2000,24620000,46500000
8,2125,26612000,51000000
8,2250,28044000,51500000
8,2375,29604000,51500000
8,2500,31592000,53500000
8,2625,33432000,53500000
8,2750,35434000,53500000
8,2875,36784000,53500000
8,3000,37738000,56000000
8,3125,38746000,56000000
8,3250,40076000,57000000
8,3375,41426000,57500000
8,3500,42604000,57500000
8,3625,43226000,57500000
8,3750,44240000,60000000
8,3875,45118000,60000000
8,4000,45912000,60000000
8,4125,47028000,60000000
8,4250,48078000,60000000
8,4375,48890000,60000000
8,4500,49802000,62000000
8,4625,50754000,62000000
8,4750,51674000,62000000
8,4875,52416000,62000000
8,5000,53188000,62000000
9,250,-59644000,21000000
9,375,-38950000,21000000
9,500,-9356000,25000000
9,625,4410000,25000000
9,750,6660000,37500000
9,875,8622000,37500000
9,1000,10328000,37500000
9,1125,11860000,37500000
9,1250,13156000,40500000
9,1375,14998000,40500000
9,1500,16668000,40500000
9,1625,18012000,40500000
9,1750,19570000,40500000
9,1875,21258000,40500000
9,2000,22730000,46000000
9,2125,23940000,46000000
9,2250,24946000,46000000
9,2375,26004000,46000000
9,2500,27162000,52000000
9,2625,28516000,55000000
9,2750,29834000,55500000
9,2875,31266000,55500000
9,3000,32808000,58000000
9,3125,34646000,59500000
9,3250,36426000,59500000
9,3375,38014000,59500000
9,3500,39708000,67500000
9,3625,41630000,67500000
9,3750,42896000,67500000
9,3875,44636000,67500000
9,4000,45982000,67500000
9,4125,47876000,67500000
9,4250,49934000,67500000
9,4375,51276000,73000000
9,4500,52604000,73000000
9,4625,53714000,73000000
9,4750,54830000,73000000
9,4875,55812000,82000000
9,5000,57116000,82000000
10,250,-58542000,18500000
10,375,-34464000,24500000
10,500,-9762000,24500000
10,625,5204000,24500000
10,750,6960000,24500000
10,875,8592000,28000000
10,1000,10240000,28000000
10,1125,12134000,31000000
10,1250,13666000,31000000
10,1375,15140000,43500000
10,1500,16228000,43500000
10,1625,17324000,43500000
10,1750,18480000,43500000
10,1875,19136000,43500000
10,2000,20070000,44000000
10,2125,20872000,44000000
10,2250,21630000,44000000
10,2375,22456000,44000000
10,2500,23456000,48000000
10,2625,24364000,48000000
10,2750,24842000,48000000
10,2875,25742000,48000000
10,3000,26486000,48000000
10,3125,27240000,48000000
10,3250,27946000,57500000
10,3375,28746000,57500000
10,3500,29314000,57500000
10,3625,30374000,57500000
10,3750,31552000,57500000
10,3875,32242000,57500000
10,4000,33256000,73000000
10,4125,33928000,73000000
10,4250,34524000,73000000
10,4375,35494000,73000000
10,4500,36312000,73000000
10,4625,37328000,73000000
10,4750,38386000,73000000
10,4875,39256000,73000000
10,5000,40246000,73000000
11,250,-61002000,19500000
11,375,-35248000,21500000
11,500,-5682000,21500000
11,625,4768000,21500000
11,750,6334000,21500000
11,875,7946000,24500000
11,1000,9132000,24500000
11,1125,10614000,31500000
11,1250,11870000,31500000
11,1375,12952000,31500000
11,1500,14334000,31500000
11,1625,15390000,34500000
11,1750,16628000,34500000
11,1875,18086000,47500000
11,2000,19634000,56000000
11,2125,20494000,56000000
11,2250,21860000,69000000
11,2375,23126000,69000000
11,2500,24178000,69000000
11,2625,25432000,69000000
11,2750,26702000,69000000
11,2875,28248000,69000000
11,3000,30012000,69000000
11,3125,31264000,69000000
11,3250,32932000,72000000
11,3375,34294000,72000000
11,3500,35860000,72000000
11,3625,37658000,73000000
11,3750,39196000,73000000
11,3875,41386000,74000000
11,4000,42916000,74000000
11,4125,44784000,76500000
11,4250,46414000,76500000
11,4375,49142000,76500000
11,4500,51030000,85500000
11,4625,53576000,85500000
11,4750,55840000,85500000
11,4875,57176000,85500000
11,5000,59350000,85500000
12,250,-52862000,21000000
12,375,-28086000,21000000
12,500,-2440000,30500000
12,625,5010000,30500000
12,750,6302000,30500000
12,875,7560000,30500000
12,1000,8844000,34000000
12,1125,9948000,34000000
12,1250,11118000,34000000
12,1375,12154000,34000000
12,1500,13228000,45000000
12,1625,14070000,45000000
12,1750,14946000,45000000
12,1875,15964000,45000000
12,2000,17704000,52500000
12,2125,18832000,52500000
12,2250,19922000,52500000
12,2375,20952000,52500000
12,2500,21832000,52500000
12,2625,22914000,52500000
12,2750,23872000,52500000
12,2875,24770000,52500000
12,3000,25528000,66000000
12,3125,26694000,66000000
12,3250,27612000,66000000
12,3375,28546000,66000000
12,3500,29442000,66000000
12,3625,30396000,66000000
12,3750,31172000,66000000
12,3875,32156000,66000000
12,4000,33044000,66000000
12,4125,34158000,68000000
12,4250,35408000,68000000
12,4375,36744000,68000000
12,4500,38372000,68000000
12,4625,40004000,68000000
12,4750,41478000,68000000
12,4875,43388000,76500000
12,5000,45756000,76500000
13,250,-59798000,15500000
13,375,-39238000,16000000
13,500,-16972000,19500000
13,625,3222000,19500000
13,750,4838000,22500000
13,875,6398000,28000000
13,1000,7842000,33000000
13,1125,9468000,33000000
13,1250,10828000,33000000
13,1375,12104000,33000000
13,1500,13554000,49500000
13,1625,14534000,49500000
13,1750,15916000,49500000
13,1875,16970000,49500000
13,2000,17876000,49500000
13,2125,18794000,49500000
13,2250,19582000,49500000
13,2375,20422000,49500000
13,2500,21070000,49500000
13,2625,21868000,49500000
13,2750,22408000,49500000
13,2875,22898000,49500000
13,3000,23904000,49500000
13,3125,24772000,49500000
13,3250,25694000,49500000
13,3375,26366000,49500000
13,3500,26798000,49500000
13,3625,27520000,49500000
13,3750,28236000,49500000
13,3875,28772000,49500000
13,4000,29326000,49500000
13,4125,29738000,49500000
13,4250,30638000,79500000
13,4375,31224000,79500000
13,4500,32078000,79500000
13,4625,32772000,79500000
13,4750,33242000,79500000
13,4875,33574000,79500000
13,5000,34154000,79500000
14,250,-57404000,20000000
14,375,-30316000,23500000
14,500,-3284000,23500000
14,625,4820000,23500000
14,750,6462000,41000000
14,875,7654000,41000000
14,1000,9188000,41000000
14,1125,10252000,41000000
14,1250,11976000,41000000
14,1375,13294000,41500000
14,1500,14288000,41500000
14,1625,15450000,58000000
14,1750,16712000,58000000
14,1875,17914000,58000000
14,2000,18836000,58000000
14,2125,19632000,58000000
14,2250,20732000,58000000
14,2375,21838000,58000000
14,2500,23104000,58000000
14,2625,24078000,58000000
14,2750,25196000,58000000
14,2875,26076000,58000000
14,3000,26896000,58000000
14,3125,28364000,58000000
14,3250,29814000,58000000
14,3375,30826000,58000000
14,3500,31764000,58000000
14,3625,32598000,58000000
14,3750,33266000,58000000
14,3875,33968000,58000000
14,4000,34616000,58000000
14,4125,35390000,58000000
14,4250,36296000,62500000
14,4375,37322000,62500000
14,4500,38196000,63500000
14,4625,38654000,63500000
14,4750,39362000,63500000
14,4875,40046000,63500000
14,5000,40732000,63500000
15,250,-49986000,29500000
15,375,-25748000,29500000
15,500,-2576000,29500000
15,625,5668000,29500000
15,750,7556000,31500000
15,875,8932000,32000000
15,1000,10404000,32000000
15,1125,11188000,32000000
15,1250,12632000,33500000
15,1375,14314000,33500000
15,1500,15420000,35000000
15,1625,16866000,41500000
15,1750,17938000,41500000
15,1875,19132000,42500000
15,2000,20544000,42500000
15,2125,21822000,46000000
15,2250,23374000,47000000
15,2375,24310000,47000000
15,2500,25216000,47000000
15,2625,26746000,48500000
15,2750,27592000,49000000
15,2875,28606000,49000000
15,3000,29684000,49000000
15,3125,31084000,56500000
15,3250,32216000,56500000
15,3375,32896000,56500000
15,3500,34300000,56500000
15,3625,35306000,56500000
15,3750,36798000,72000000
15,3875,37744000,72000000
15,4000,38996000,72000000
15,4125,40412000,72000000
15,4250,41824000,72000000
15,4375,42784000,72000000
15,4500,43636000,72000000
15,4625,45120000,73500000
15,4750,46634000,73500000
15,4875,48220000,73500000
15,5000,49758000,73500000
16,250,-56982000,26000000
16,375,-31062000,26000000
16,500,-2174000,26000000
16,625,4806000,26000000
16,750,6670000,30000000
16,875,8418000,30000000
16,1000,9996000,30000000
16,1125,11358000,30000000
16,1250,13010000,37500000
16,1375,14642000,37500000
16,1500,15750000,37500000
16,1625,16646000,37500000
16,1750,17732000,37500000
16,1875,19030000,56000000
16,2000,19852000,56000000
16,2125,20510000,56000000
16,2250,21548000,56000000
16,2375,22334000,56000000
16,2500,22978000,56000000
16,2625,23804000,56000000
16,2750,24654000,56000000
16,2875,25968000,65000000
16,3000,26836000,65000000
16,3125,28308000,65000000
16,3250,29274000,65000000
16,3375,29584000,65000000
16,3500,30880000,65000000
16,3625,31574000,65000000
16,3750,32234000,65000000
16,3875,33338000,65000000
16,4000,33988000,65000000
16,4125,34788000,65000000
16,4250,35694000,65000000
16,4375,36914000,65000000
16,4500,37810000,65000000
16,4625,38900000,67000000
16,4750,40178000,69500000
16,4875,42106000,77500000
16,5000,43600000,77500000
17,250,-59652000,18000000
17,375,-35372000,19000000
17,500,-9106000,28500000
17,625,2516000,28500000
17,750,6272000,28500000
17,875,7804000,32000000
17,1000,8800000,32000000
17,1125,9924000,32000000
17,1250,11408000,32000000
17,1375,12890000,32000000
17,1500,14194000,32500000
17,1625,15134000,32500000
17,1750,16018000,32500000
17,1875,17226000,37000000
17,2000,18530000,39000000
17,2125,19110000,39000000
17,2250,20056000,39000000
17,2375,20722000,39000000
17,2500,21232000,39000000
17,2625,22206000,42000000
17,2750,22968000,42000000
17,2875,23686000,42000000
17,3000,24290000,42500000
17,3125,24920000,42500000
17,3250,25528000,42500000
17,3375,26014000,52500000
17,3500,26598000,52500000
17,3625,27434000,66000000
17,3750,28368000,66000000
17,3875,29060000,66000000
17,4000,29820000,66000000
17,4125,30520000,66000000
17,4250,31266000,66000000
17,4375,32168000,66000000
17,4500,33096000,66000000
17,4625,34004000,66000000
17,4750,34456000,66000000
17,4875,35340000,68500000
17,5000,36208000,68500000
18,250,-65024000,24500000
18,375,-43590000,24500000
18,500,-13792000,37500000
18,625,3936000,37500000
18,750,5760000,37500000
18,875,7446000,37500000
18,1000,9310000,37500000
18,1125,11030000,38000000
18,1250,12544000,38000000
18,1375,13936000,38000000
18,1500,15262000,38000000
18,1625,16320000,38000000
18,1750,18010000,38000000
18,1875,20252000,42500000
18,2000,22128000,42500000
18,2125,23828000,42500000
18,2250,25290000,42500000
18,2375,26814000,42500000
18,2500,28248000,42500000
18,2625,29500000,42500000
18,2750,30608000,42500000
18,2875,31366000,43000000
18,3000,32044000,43500000
18,3125,32808000,57000000
18,3250,33366000,57000000
18,3375,34630000,57000000
18,3500,35630000,57000000
18,3625,36610000,57000000
18,3750,37144000,57000000
18,3875,37786000,57000000
18,4000,39028000,57000000
18,4125,39974000,58500000
18,4250,40698000,58500000
18,4375,41528000,58500000
18,4500,42538000,63000000
18,4625,43384000,65000000
18,4750,43852000,65000000
18,4875,44354000,65000000
18,5000,44814000,65000000
19,250,-59560000,20000000
19,375,-34326000,20000000
19,500,-9640000,20000000
19,625,4288000,23500000
19,750,6120000,29000000
19,875,8084000,32000000
19,1000,9280000,32000000
19,1125,10254000,32000000
19,1250,11990000,39500000
19,1375,13112000,39500000
19,1500,14308000,39500000
19,1625,15202000,39500000
19,1750,16162000,39500000
19,1875,17054000,39500000
19,2000,18128000,39500000
19,2125,19250000,42000000
19,2250,20082000,42000000
19,2375,21018000,53000000
19,2500,21854000,53000000
19,2625,22752000,53000000
19,2750,23368000,53000000
19,2875,23908000,53000000
19,3000,24544000,53000000
19,3125,25038000,53000000
19,3250,25700000,53000000
19,3375,26540000,53000000
19,3500,27654000,53000000
19,3625,28442000,55000000
19,3750,29384000,55000000
19,3875,30138000,55000000
19,4000,31016000,55000000
19,4125,32068000,55000000
19,4250,33482000,55000000
19,4375,35048000,62000000
19,4500,36524000,62000000
19,4625,37988000,62000000
19,4750,39840000,62000000
19,4875,41332000,62000000
19,5000,42848000,70000000
20,250,-55360000,27500000
20,375,-24768000,27500000
20,500,2430000,27500000
20,625,4810000,27500000
20,750,6552000,27500000
20,875,7730000,27500000
20,1000,9172000,27500000
20,1125,10696000,32000000
20,1250,11848000,32000000
20,1375,13070000,32000000
20,1500,14474000,35000000
20,1625,15724000,36000000
20,1750,17100000,46500000
20,1875,18344000,46500000
20,2000,19174000,46500000
20,2125,20340000,46500000
20,2250,21378000,46500000
20,2375,22406000,46500000
20,2500,23088000,46500000
20,2625,23918000,46500000
20,2750,24636000,46500000
20,2875,25194000,46500000
20,3000,26224000,50500000
20,3125,27010000,58500000
20,3250,28080000,68500000
20,3375,28746000,68500000
20,3500,29670000,68500000
20,3625,30372000,68500000
20,3750,31320000,68500000
20,3875,32512000,68500000
20,4000,33176000,68500000
20,4125,34192000,68500000
20,4250,34940000,68500000
20,4375,35992000,68500000
20,4500,36470000,68500000
20,4625,36944000,68500000
20,4750,37594000,68500000
20,4875,38414000,68500000
20,5000,39336000,68500000
21,250,-58798000,20500000
21,375,-35040000,20500000
21,500,-9716000,20500000
21,625,4448000,20500000
21,750,6054000,20500000
21,875,7486000,24000000
21,1000,9024000,25500000
21,1125,10336000,36500000
21,1250,11422000,36500000
21,1375,12676000,36500000
21,1500,13660000,45000000
21,1625,14322000,45000000
21,1750,15296000,45000000
21,1875,16352000,45000000
21,2000,17250000,45000000
21,2125,18208000,45000000
21,2250,19334000,53500000
21,2375,20260000,53500000
21,2500,21678000,53500000
21,2625,22552000,53500000
21,2750,23852000,53500000
21,2875,25266000,53500000
21,3000,26398000,53500000
21,3125,27468000,53500000
21,3250,28628000,54500000
21,3375,29922000,54500000
21,3500,30862000,57000000
21,3625,32022000,57000000
21,3750,33504000,57000000
21,3875,34690000,57000000
21,4000,35944000,57000000
21,4125,37114000,57000000
21,4250,38278000,66500000
21,4375,39552000,66500000
21,4500,40638000,66500000
21,4625,41896000,66500000
21,4750,43456000,66500000
21,4875,45078000,69000000
21,5000,46326000,69000000
22,250,-57790000,28000000
22,375,-31498000,28000000
22,500,-3934000,28000000
22,625,5476000,28000000
22,750,7396000,39000000
22,875,9646000,39000000
22,1000,11372000,39000000
22,1125,13324000,39000000
22,1250,15334000,39000000
22,1375,17202000,39000000
22,1500,18480000,39000000
22,1625,19544000,39500000
22,1750,20640000,39500000
22,1875,22068000,40000000
22,2000,23218000,47500000
22,2125,24070000,47500000
22,2250,24976000,50000000
22,2375,25632000,50000000
22,2500,26266000,50000000
22,2625,26662000,52000000
22,2750,27166000,52000000
22,2875,27630000,52000000
22,3000,28370000,52000000
22,3125,28978000,52000000
22,3250,29482000,52000000
22,3375,30082000,52000000
22,3500,30668000,52000000
22,3625,31446000,52000000
22,3750,32050000,52000000
22,3875,32938000,52000000
22,4000,33556000,52000000
22,4125,33712000,52000000
22,4250,34226000,55500000
22,4375,34564000,55500000
22,4500,34996000,55500000
22,4625,35536000,55500000
22,4750,36288000,55500000
22,4875,37038000,56500000
22,5000,37856000,56500000
23,250,-59106000,18500000
23,375,-34214000,22500000
23,500,-6140000,24500000
23,625,5036000,24500000
23,750,6860000,25000000
23,875,8534000,26000000
23,1000,9666000,28000000
23,1125,11016000,32500000
23,1250,12428000,32500000
23,1375,13710000,34500000
23,1500,14998000,34500000
23,1625,16400000,41000000
23,1750,17408000,41000000
23,1875,18196000,41000000
23,2000,19252000,44000000
23,2125,20554000,44000000
23,2250,21462000,45000000
23,2375,22268000,45000000
23,2500,22962000,45000000
23,2625,23722000,45000000
23,2750,24518000,45000000
23,2875,25498000,49000000
23,3000,26328000,50500000
23,3125,26964000,50500000
23,3250,27748000,50500000
23,3375,28280000,50500000
23,3500,28908000,55000000
23,3625,29914000,55000000
23,3750,30772000,55000000
23,3875,31380000,55000000
23,4000,31920000,55000000
23,4125,32284000,55000000
23,4250,33080000,55000000
23,4375,33704000,55000000
23,4500,34652000,64000000
23,4625,35702000,65000000
23,4750,36436000,65000000
23,4875,37372000,80000000
23,5000,38374000,80000000
24,250,-65416000,22500000
24,375,-38386000,22500000
24,500,-9702000,22500000
24,625,3968000,22500000
24,750,6164000,24000000
24,875,8056000,38000000
24,1000,9714000,38000000
24,1125,11326000,38000000
24,1250,13158000,38500000
24,1375,14724000,38500000
24,1500,16432000,38500000
24,1625,17940000,38500000
24,1750,19702000,49500000
24,1875,21502000,49500000
24,2000,22982000,49500000
24,2125,24322000,49500000
24,2250,25284000,49500000
24,2375,26596000,49500000
24,2500,28098000,49500000
24,2625,29694000,49500000
24,2750,30592000,49500000
24,2875,31282000,49500000
24,3000,32214000,49500000
24,3125,33214000,49500000
24,3250,33980000,49500000
24,3375,35384000,52500000
24,3500,36848000,52500000
24,3625,37706000,52500000
24,3750,38600000,52500000
24,3875,39592000,52500000
24,4000,40556000,55500000
24,4125,41480000,55500000
24,4250,42170000,55500000
24,4375,42718000,55500000
24,4500,43254000,55500000
24,4625,43764000,55500000
24,4750,44252000,55500000
24,4875,44982000,61500000
24,5000,45700000,61500000
25,250,-57176000,20000000
25,375,-36870000,21000000
25,500,-11496000,21000000
25,625,2782000,21000000
25,750,5542000,21000000
25,875,7214000,26500000
25,1000,9194000,35500000
25,1125,10316000,35500000
25,1250,11828000,35500000
25,1375,12666000,35500000
25,1500,13520000,35500000
25,1625,14668000,35500000
25,1750,15862000,35500000
25,1875,17126000,41500000
25,2000,18338000,44000000
25,2125,19226000,56000000
25,2250,19744000,56000000
25,2375,20542000,56000000
25,2500,21518000,56000000
25,2625,22394000,56000000
25,2750,23384000,56000000
25,2875,24660000,56000000
25,3000,25410000,56000000
25,3125,26450000,56000000
25,3250,27450000,56000000
25,3375,28800000,56000000
25,3500,29818000,56000000
25,3625,31224000,56000000
25,3750,32710000,62500000
25,3875,33644000,62500000
25,4000,34706000,62500000
25,4125,35928000,62500000
25,4250,37004000,62500000
25,4375,38444000,62500000
25,4500,39544000,62500000
25,4625,40588000,70500000
25,4750,41522000,70500000
25,4875,42546000,70500000
25,5000,44062000,70500000
26,250,-64564000,14000000
26,375,-36020000,17500000
26,500,-8174000,21500000
26,625,4228000,24500000
26,750,5494000,24500000
26,875,7054000,28500000
26,1000,8370000,28500000
26,1125,9642000,39500000
26,1250,10858000,39500000
26,1375,12296000,39500000
26,1500,13524000,39500000
26,1625,14524000,39500000
26,1750,15676000,39500000
26,1875,16718000,39500000
26,2000,17764000,39500000
26,2125,18380000,39500000
26,2250,19392000,48000000
26,2375,20324000,48000000
26,2500,21152000,48000000
26,2625,21936000,48000000
26,2750,22814000,48000000
26,2875,23640000,48000000
26,3000,24456000,50000000
26,3125,25512000,50000000
26,3250,26726000,50000000
26,3375,27908000,50000000
26,3500,28780000,50000000
26,3625,29560000,50000000
26,3750,30904000,62000000
26,3875,31714000,62000000
26,4000,32590000,62000000
26,4125,33500000,62000000
26,4250,34368000,62000000
26,4375,35410000,62000000
26,4500,36052000,63000000
26,4625,36630000,63000000
26,4750,37846000,63000000
26,4875,38804000,63000000
26,5000,39518000,63000000
27,250,-58778000,14500000
27,375,-32712000,14500000
27,500,-1902000,23500000
27,625,4790000,23500000
27,750,6450000,23500000
27,875,8144000,31000000
27,1000,9418000,31000000
27,1125,10854000,31000000
27,1250,12266000,41000000
27,1375,14066000,41000000
27,1500,15722000,44000000
27,1625,16636000,44000000
27,1750,17642000,44000000
27,1875,18630000,44000000
27,2000,20188000,46000000
27,2125,21098000,46000000
27,2250,22374000,46000000
27,2375,23576000,46000000
27,2500,24836000,58000000
27,2625,26122000,58000000
27,2750,27566000,59500000
27,2875,28986000,59500000
27,3000,30192000,59500000
27,3125,31600000,60500000
27,3250,32874000,79000000
27,3375,33930000,79000000
27,3500,35446000,79000000
27,3625,37062000,79000000
27,3750,38502000,79000000
27,3875,39786000,80000000
27,4000,41452000,80000000
27,4125,42946000,80000000
27,4250,44522000,80000000
27,4375,45722000,88000000
27,4500,47532000,88000000
27,4625,49384000,88000000
27,4750,50646000,91000000
27,4875,52292000,91000000
27,5000,53592000,91000000
28,250,-57058000,13500000
28,375,-28432000,28500000
28,500,-1114000,28500000
28,625,5026000,28500000
28,750,6180000,28500000
28,875,7622000,28500000
28,1000,9302000,28500000
28,1125,10656000,28500000
28,1250,11754000,28500000
28,1375,12974000,32000000
28,1500,14082000,40000000
28,1625,14872000,40000000
28,1750,15754000,40000000
28,1875,16812000,40000000
28,2000,18352000,46000000
28,2125,19320000,46000000
28,2250,20680000,46000000
28,2375,21810000,57500000
28,2500,23024000,69500000
28,2625,24444000,69500000
28,2750,25476000,69500000
28,2875,26150000,69500000
28,3000,27290000,69500000
28,3125,28408000,69500000
28,3250,29516000,69500000
28,3375,30370000,69500000
28,3500,31332000,69500000
28,3625,32218000,69500000
28,3750,32958000,69500000
28,3875,34012000,69500000
28,4000,34652000,69500000
28,4125,35122000,69500000
28,4250,35702000,69500000
28,4375,36734000,69500000
28,4500,37904000,69500000
28,4625,38950000,74000000
28,4750,40226000,75000000
28,4875,41666000,82000000
28,5000,42598000,82000000
29,250,-56760000,27500000
29,375,-32390000,27500000
29,500,-3626000,27500000
29,625,4684000,27500000
29,750,6184000,40500000
29,875,8048000,40500000
29,1000,9406000,40500000
29,1125,10668000,40500000
29,1250,11682000,40500000
29,1375,12598000,40500000
29,1500,14100000,40500000
29,1625,15520000,40500000
29,1750,16572000,40500000
29,1875,17440000,40500000
29,2000,18200000,40500000
29,2125,19226000,46500000
29,2250,20300000,46500000
29,2375,21602000,52500000
29,2500,22832000,52500000
29,2625,24158000,53500000
29,2750,25478000,54500000
29,2875,26922000,66000000
29,3000,28096000,66000000
29,3125,29194000,66000000
29,3250,30344000,66000000
29,3375,31514000,66000000
29,3500,32944000,66000000
29,3625,33900000,66000000
29,3750,35226000,66000000
29,3875,36346000,66000000
29,4000,37514000,66000000
29,4125,39010000,66000000
29,4250,40484000,67500000
29,4375,41928000,67500000
29,4500,43006000,67500000
29,4625,44000000,67500000
29,4750,45046000,82000000
29,4875,46426000,82000000
29,5000,47232000,82000000
